{
  "horizon": "d1",
  "model_name": "evt_cp_d1",
  "version": "20260317T160921Z",
  "floor_delta": 0.008241981666385593,
  "ceiling_delta": 0.010121266385963586,
  "train_rows": 8800,
  "test_rows": 3800,
  "metrics": {
    "mae_floor": 3.5705251154920914,
    "mae_ceiling": 3.359186877916649,
    "mae_spread": 3.1301800994782916,
    "test_floor_coverage": 0.9868421052631579,
    "test_ceiling_coverage": 0.9868421052631579
  }
}