{
  "horizon": "q1",
  "model_name": "evt_cp_q1",
  "version": "20260317T160921Z",
  "floor_delta": 0.029275392158236282,
  "ceiling_delta": 0.04124673822482872,
  "train_rows": 8800,
  "test_rows": 3800,
  "metrics": {
    "mae_floor": 10.04322189679874,
    "mae_ceiling": 9.057819849083012,
    "mae_spread": 10.424577440893597,
    "test_floor_coverage": 0.9868421052631579,
    "test_ceiling_coverage": 0.9868421052631579
  }
}