{
  "horizon": "w1",
  "model_name": "evt_cp_w1",
  "version": "20260318T223030Z",
  "floor_delta": 0.020496021231355698,
  "ceiling_delta": 0.025669755879782714,
  "train_rows": 8750,
  "test_rows": 3750,
  "metrics": {
    "mae_floor": 6.9198508486623656,
    "mae_ceiling": 6.633581980376776,
    "mae_spread": 7.044225296310741,
    "test_floor_coverage": 1.0,
    "test_ceiling_coverage": 1.0
  },
  "params": {
    "floor": {
      "global": 0.02109529664828673,
      "table": {
        "v2:up": 0.01989152429312774,
        "v1:up": 0.018457446399606406,
        "v3:up": 0.02885860641830672,
        "v2:down": 0.020496021231355698,
        "v1:down": 0.01419141050638367,
        "v3:down": 0.03132985570370523
      },
      "vol_cuts": [
        0.019902818635444672,
        0.02804409530265844
      ],
      "bins": 3,
      "cv": {
        "enabled": false,
        "folds": 0
      }
    },
    "ceiling": {
      "global": 0.025871741959757076,
      "table": {
        "v2:up": 0.02536795872917097,
        "v1:up": 0.01791571302054462,
        "v3:up": 0.03940473284040179,
        "v2:down": 0.025669755879782714,
        "v1:down": 0.01810428649379022,
        "v3:down": 0.04408950632645055
      },
      "vol_cuts": [
        0.019902818635444672,
        0.02804409530265844
      ],
      "bins": 3,
      "cv": {
        "enabled": false,
        "folds": 0
      }
    },
    "training_mode": "manual"
  }
}